product_id,product_name,stock_level,reorder_point,warehouse_id,avg_daily_demand,days_to_stockout
P002,Toor Dal,120,80,W2,53.24742765083085,2.3
P003,Milk,50,30,W1,88.43831306945445,0.6
123,h2phones,7,3,12345,125.59346653542693,0.1
P123,Shampoo,20,10,W3,165.43417661630014,0.1
P789,Detergent,30,15,W5,238.1421581691508,0.1
